CREATE DATABASE  IF NOT EXISTS `webapp` /*!40100 DEFAULT CHARACTER SET utf8mb4 COLLATE utf8mb4_0900_ai_ci */ /*!80016 DEFAULT ENCRYPTION='N' */;
USE `webapp`;
-- MySQL dump 10.13  Distrib 8.0.26, for Win64 (x86_64)
--
-- Host: 127.0.0.1    Database: webapp
-- ------------------------------------------------------
-- Server version	8.0.26-0ubuntu0.20.04.3

/*!40101 SET @OLD_CHARACTER_SET_CLIENT=@@CHARACTER_SET_CLIENT */;
/*!40101 SET @OLD_CHARACTER_SET_RESULTS=@@CHARACTER_SET_RESULTS */;
/*!40101 SET @OLD_COLLATION_CONNECTION=@@COLLATION_CONNECTION */;
/*!50503 SET NAMES utf8 */;
/*!40103 SET @OLD_TIME_ZONE=@@TIME_ZONE */;
/*!40103 SET TIME_ZONE='+00:00' */;
/*!40014 SET @OLD_UNIQUE_CHECKS=@@UNIQUE_CHECKS, UNIQUE_CHECKS=0 */;
/*!40014 SET @OLD_FOREIGN_KEY_CHECKS=@@FOREIGN_KEY_CHECKS, FOREIGN_KEY_CHECKS=0 */;
/*!40101 SET @OLD_SQL_MODE=@@SQL_MODE, SQL_MODE='NO_AUTO_VALUE_ON_ZERO' */;
/*!40111 SET @OLD_SQL_NOTES=@@SQL_NOTES, SQL_NOTES=0 */;

--
-- Table structure for table `Articles`
--

DROP TABLE IF EXISTS `Articles`;
/*!40101 SET @saved_cs_client     = @@character_set_client */;
/*!50503 SET character_set_client = utf8mb4 */;
CREATE TABLE `Articles` (
  `id` int unsigned NOT NULL AUTO_INCREMENT,
  `magazines_id` int unsigned NOT NULL,
  `article_types_id` int unsigned NOT NULL,
  `author_id` int unsigned NOT NULL,
  PRIMARY KEY (`id`,`magazines_id`,`article_types_id`,`author_id`),
  UNIQUE KEY `idArticles_UNIQUE` (`id`),
  KEY `fk_Articles_magazines_idx` (`magazines_id`),
  KEY `fk_Articles_article_types_idx` (`article_types_id`),
  KEY `fk_Articles_author_idx` (`author_id`),
  CONSTRAINT `fk_Articles_article_types` FOREIGN KEY (`article_types_id`) REFERENCES `article_types` (`id`) ON DELETE CASCADE,
  CONSTRAINT `fk_Articles_author` FOREIGN KEY (`author_id`) REFERENCES `author` (`id`) ON DELETE CASCADE,
  CONSTRAINT `fk_Articles_magazines` FOREIGN KEY (`magazines_id`) REFERENCES `magazines` (`id`) ON DELETE CASCADE
) ENGINE=InnoDB AUTO_INCREMENT=5 DEFAULT CHARSET=utf8mb3;
/*!40101 SET character_set_client = @saved_cs_client */;

--
-- Dumping data for table `Articles`
--

LOCK TABLES `Articles` WRITE;
/*!40000 ALTER TABLE `Articles` DISABLE KEYS */;
INSERT INTO `Articles` VALUES (1,1,2,3),(2,3,3,2),(3,2,2,4),(4,1,1,1);
/*!40000 ALTER TABLE `Articles` ENABLE KEYS */;
UNLOCK TABLES;

--
-- Table structure for table `article_types`
--

DROP TABLE IF EXISTS `article_types`;
/*!40101 SET @saved_cs_client     = @@character_set_client */;
/*!50503 SET character_set_client = utf8mb4 */;
CREATE TABLE `article_types` (
  `id` int unsigned NOT NULL AUTO_INCREMENT,
  `type` varchar(30) DEFAULT NULL,
  PRIMARY KEY (`id`),
  UNIQUE KEY `id_UNIQUE` (`id`)
) ENGINE=InnoDB AUTO_INCREMENT=4 DEFAULT CHARSET=utf8mb3;
/*!40101 SET character_set_client = @saved_cs_client */;

--
-- Dumping data for table `article_types`
--

LOCK TABLES `article_types` WRITE;
/*!40000 ALTER TABLE `article_types` DISABLE KEYS */;
INSERT INTO `article_types` VALUES (1,'news'),(2,'tech'),(3,'entertainment');
/*!40000 ALTER TABLE `article_types` ENABLE KEYS */;
UNLOCK TABLES;

--
-- Table structure for table `author`
--

DROP TABLE IF EXISTS `author`;
/*!40101 SET @saved_cs_client     = @@character_set_client */;
/*!50503 SET character_set_client = utf8mb4 */;
CREATE TABLE `author` (
  `id` int unsigned NOT NULL AUTO_INCREMENT,
  `author` varchar(50) DEFAULT NULL,
  PRIMARY KEY (`id`),
  UNIQUE KEY `id_UNIQUE` (`id`)
) ENGINE=InnoDB AUTO_INCREMENT=5 DEFAULT CHARSET=utf8mb3;
/*!40101 SET character_set_client = @saved_cs_client */;

--
-- Dumping data for table `author`
--

LOCK TABLES `author` WRITE;
/*!40000 ALTER TABLE `author` DISABLE KEYS */;
INSERT INTO `author` VALUES (1,'Chappie'),(2,'Wall-e'),(3,'Atom'),(4,'T1000');
/*!40000 ALTER TABLE `author` ENABLE KEYS */;
UNLOCK TABLES;

--
-- Table structure for table `magazines`
--

DROP TABLE IF EXISTS `magazines`;
/*!40101 SET @saved_cs_client     = @@character_set_client */;
/*!50503 SET character_set_client = utf8mb4 */;
CREATE TABLE `magazines` (
  `id` int unsigned NOT NULL AUTO_INCREMENT,
  `name` varchar(100) DEFAULT NULL,
  PRIMARY KEY (`id`),
  UNIQUE KEY `id_UNIQUE` (`id`)
) ENGINE=InnoDB AUTO_INCREMENT=4 DEFAULT CHARSET=utf8mb3;
/*!40101 SET character_set_client = @saved_cs_client */;

--
-- Dumping data for table `magazines`
--

LOCK TABLES `magazines` WRITE;
/*!40000 ALTER TABLE `magazines` DISABLE KEYS */;
INSERT INTO `magazines` VALUES (1,'it herald'),(2,'IT STORIES'),(3,'IT with kids');
/*!40000 ALTER TABLE `magazines` ENABLE KEYS */;
UNLOCK TABLES;
/*!40103 SET TIME_ZONE=@OLD_TIME_ZONE */;

/*!40101 SET SQL_MODE=@OLD_SQL_MODE */;
/*!40014 SET FOREIGN_KEY_CHECKS=@OLD_FOREIGN_KEY_CHECKS */;
/*!40014 SET UNIQUE_CHECKS=@OLD_UNIQUE_CHECKS */;
/*!40101 SET CHARACTER_SET_CLIENT=@OLD_CHARACTER_SET_CLIENT */;
/*!40101 SET CHARACTER_SET_RESULTS=@OLD_CHARACTER_SET_RESULTS */;
/*!40101 SET COLLATION_CONNECTION=@OLD_COLLATION_CONNECTION */;
/*!40111 SET SQL_NOTES=@OLD_SQL_NOTES */;

-- Dump completed on 2021-10-16  2:37:30
